userId,avg_rating,avg_rating_customer,quantity_customer,seen_popularity,seen_rating,gender,age
1,2.55,2.55,20,45.55,3.562528875487731,female,39
2,3.486842105263158,3.486842105263158,76,106.57894736842105,3.5366456296723925,male,35
3,3.5686274509803924,3.5686274509803924,51,116.84313725490196,3.7165314566889904,male,36
4,4.348039215686274,4.348039215686274,204,72.48039215686275,3.610074104551625,female,24
5,3.91,3.91,100,92.28,3.5671492857666594,female,32
6,3.2613636363636362,3.2613636363636362,44,75.13636363636364,3.6571909483411233,female,28
7,3.465909090909091,3.465909090909091,88,111.13636363636364,3.6589278906750975,male,37
8,3.8663793103448274,3.8663793103448274,116,108.44827586206897,3.8014522239085693,male,23
9,3.7555555555555555,3.7555555555555555,45,98.57777777777778,3.80758512822755,male,37
10,3.6956521739130435,3.6956521739130435,46,85.26086956521739,3.5937572882472644,male,32
11,4.078947368421052,4.078947368421052,38,48.921052631578945,3.638307242132297,male,39
12,2.7540983606557377,2.7540983606557377,61,44.295081967213115,3.3378830491705127,female,20
13,3.7452830188679247,3.7452830188679247,53,112.84905660377359,3.7925973847625536,male,34
14,2.95,2.95,20,78.5,3.2374633105647623,male,26
15,2.6217647058823528,2.6217647058823528,1700,36.48235294117647,3.389133075824405,male,38
16,4.120689655172414,4.120689655172414,29,97.89655172413794,3.7303821856547414,female,34
17,3.743801652892562,3.743801652892562,363,56.81818181818182,3.7192205037251034,female,19
18,3.235294117647059,3.235294117647059,51,67.2156862745098,3.3757144217963493,male,19
19,3.534278959810875,3.534278959810875,423,62.97163120567376,3.6253753665322823,female,19
20,3.2908163265306123,3.2908163265306123,98,107.38775510204081,3.793640914100066,male,24
21,3.506172839506173,3.506172839506173,162,88.80864197530865,3.6940719973949876,female,25
22,3.275,3.275,220,83.05909090909091,3.4749546446542343,male,24
23,3.6329201101928374,3.6329201101928374,726,50.76721763085399,3.7248530750007625,female,22
24,3.6666666666666665,3.6666666666666665,21,150.04761904761904,3.6318977879199177,female,31
25,3.1153846153846154,3.1153846153846154,26,85.15384615384616,3.4053600468812846,female,29
26,3.4680232558139537,3.4680232558139537,172,84.09302325581395,3.744793853893678,male,24
27,3.8260869565217392,3.8260869565217392,23,123.34782608695652,3.860511537111145,male,26
28,4.28,4.28,50,68.6,3.938532175132733,female,37
29,2.8636363636363638,2.8636363636363638,22,48.09090909090909,3.232976196956166,female,30
30,3.765084075173096,3.765084075173096,1011,40.01681503461919,3.4704960218239806,male,24
31,4.166666666666667,4.166666666666667,69,100.57971014492753,3.8797147931557197,female,26
32,3.6666666666666665,3.6666666666666665,48,126.20833333333333,3.353914007714366,male,37
33,3.2753623188405796,3.2753623188405796,138,42.210144927536234,3.286953753691943,female,24
34,3.935828877005348,3.935828877005348,187,75.9572192513369,3.8128732536284633,female,36
35,2.4,2.4,20,40.7,3.584658605393236,female,20
36,3.6153846153846154,3.6153846153846154,104,80.51923076923077,3.592348739408553,male,38
37,4.0625,4.0625,32,89.46875,3.6611405014791796,female,19
38,4.292792792792793,4.292792792792793,111,72.90990990990991,4.056040978476082,female,20
39,3.7903225806451615,3.7903225806451615,62,89.24193548387096,3.4382823690801967,male,32
40,4.511627906976744,4.511627906976744,43,84.25581395348837,4.000073740163149,male,20
41,3.8668341708542715,3.8668341708542715,199,56.879396984924625,3.39778103409915,female,39
42,4.014285714285714,4.014285714285714,70,127.08571428571429,3.879418253557271,female,38
43,3.0,3.0,110,70.3,3.412665157710921,male,35
44,3.36,3.36,25,105.32,3.4941613608758724,female,21
45,3.619047619047619,3.619047619047619,21,54.80952380952381,3.7950983770577267,male,35
46,4.948717948717949,4.948717948717949,39,52.666666666666664,3.4056597544415332,male,25
47,3.8684210526315788,3.8684210526315788,38,141.68421052631578,3.4174934146464504,male,36
48,3.5146198830409356,3.5146198830409356,513,38.38986354775828,3.5258163095428126,female,21
49,3.4646464646464645,3.4646464646464645,99,57.13131313131313,3.4570772823275244,female,37
50,3.282608695652174,3.282608695652174,46,141.41304347826087,3.464516545871627,male,33
51,3.967741935483871,3.967741935483871,31,41.70967741935484,3.257775786226514,male,18
52,3.6911764705882355,3.6911764705882355,68,35.220588235294116,3.531453584033149,male,33
53,2.782608695652174,2.782608695652174,46,56.93478260869565,3.326400764034875,male,39
54,3.7954545454545454,3.7954545454545454,44,49.95454545454545,3.738612795430969,male,39
55,3.6315789473684212,3.6315789473684212,38,84.78947368421052,3.3050741551636857,female,23
56,3.6149425287356323,3.6149425287356323,522,48.90229885057471,3.7150399267455403,male,27
57,3.9569377990430623,3.9569377990430623,209,67.0,3.599479611434908,male,38
58,3.410958904109589,3.410958904109589,73,42.50684931506849,3.3995422724855646,female,31
59,3.0833333333333335,3.0833333333333335,78,120.1923076923077,3.798759876153639,female,23
60,4.181818181818182,4.181818181818182,55,71.76363636363637,3.760471216373334,male,21
61,3.2740963855421685,3.2740963855421685,166,67.3433734939759,3.497854329258286,male,29
62,4.037735849056604,4.037735849056604,53,63.867924528301884,3.846329353153899,female,35
63,3.7577319587628866,3.7577319587628866,97,101.17525773195877,3.639911646824143,female,36
64,4.0,4.0,21,184.42857142857142,3.5974998261051536,female,21
65,4.148148148148148,4.148148148148148,27,78.85185185185185,4.072853867109273,female,35
66,3.9591836734693877,3.9591836734693877,49,120.28571428571429,3.7392675898516847,male,38
67,3.7572815533980584,3.7572815533980584,103,85.24271844660194,3.4964263466279895,female,30
68,3.6260162601626016,3.6260162601626016,123,99.2439024390244,3.647776326719093,female,38
69,4.135802469135802,4.135802469135802,81,110.41975308641975,3.5285973462446414,female,37
70,4.204819277108434,4.204819277108434,83,53.024096385542165,3.298583521374543,male,34
71,4.260869565217392,4.260869565217392,23,52.08695652173913,3.8028740524346856,male,32
72,3.243455497382199,3.243455497382199,191,84.08900523560209,3.762007924485598,female,19
73,3.374223602484472,3.374223602484472,1610,34.844099378881985,3.3746779492851684,female,39
74,4.1020408163265305,4.1020408163265305,49,111.0204081632653,3.535987603240436,female,32
75,3.279310344827586,3.279310344827586,145,87.77931034482759,3.6736019088665137,male,25
76,3.8,3.8,20,33.6,3.710757483558873,female,21
77,3.3190476190476192,3.3190476190476192,315,84.08888888888889,3.5660933122603637,female,35
78,4.298479087452471,4.298479087452471,263,82.07224334600761,3.577936937911229,female,34
79,2.518181818181818,2.518181818181818,55,128.4181818181818,3.5305829076531783,female,31
80,3.5945945945945947,3.5945945945945947,37,70.94594594594595,3.552064673974432,female,39
81,3.946875,3.946875,160,28.975,3.9281283690413793,male,32
82,3.58974358974359,3.58974358974359,39,158.92307692307693,3.480203529511289,female,26
83,3.9316770186335406,3.9316770186335406,161,66.63354037267081,3.7192109561910898,male,29
84,3.7155172413793105,3.7155172413793105,116,80.93103448275862,3.6482422987231824,male,25
85,3.1869158878504673,3.1869158878504673,107,93.7196261682243,3.2217513052381825,female,23
86,3.594736842105263,3.594736842105263,190,63.43684210526316,3.6034434404920663,female,30
87,3.2903225806451615,3.2903225806451615,31,108.48387096774194,3.555444661006888,female,32
88,3.3784313725490196,3.3784313725490196,255,96.08627450980393,3.665305482522434,male,35
89,4.590909090909091,4.590909090909091,66,128.13636363636363,3.6587942590232316,male,18
90,3.74,3.74,50,79.06,3.5622575814933253,female,38
91,4.173333333333333,4.173333333333333,150,65.45333333333333,3.381480711585269,male,29
92,3.154471544715447,3.154471544715447,123,102.36585365853658,3.3884258910686653,male,39
93,3.79874213836478,3.79874213836478,159,97.35220125786164,3.765905057875556,male,37
94,3.4056122448979593,3.4056122448979593,196,90.54591836734694,3.73265574346155,male,29
95,3.8963210702341136,3.8963210702341136,299,43.35451505016722,3.2723879939927487,male,37
96,4.1381578947368425,4.1381578947368425,76,52.28947368421053,4.051692886802481,female,32
97,3.015625,3.015625,128,108.625,3.912132732855076,female,28
98,4.330985915492958,4.330985915492958,71,65.04225352112677,3.602398768254855,female,30
99,3.4308510638297873,3.4308510638297873,188,75.34042553191489,3.710613832935147,male,32
100,3.4,3.4,25,103.72,3.5664936288457847,female,39
101,3.9,3.9,55,113.58181818181818,3.747329309428901,male,38
102,3.9749262536873156,3.9749262536873156,678,42.206489675516224,3.735056838084509,male,36
103,3.393617021276596,3.393617021276596,94,74.76595744680851,3.4496620317499866,male,21
104,4.052631578947368,4.052631578947368,76,73.72368421052632,3.715353874212198,female,22
105,3.362857142857143,3.362857142857143,525,63.42285714285714,3.5315422526758926,male,26
106,3.8444444444444446,3.8444444444444446,45,56.422222222222224,3.500276594467621,female,20
107,2.859375,2.859375,32,72.78125,3.4658219299067037,male,33
108,3.4516129032258065,3.4516129032258065,31,172.41935483870967,3.5287564516612684,male,30
109,4.108695652173913,4.108695652173913,23,133.2608695652174,3.6130459327250155,male,28
110,4.158333333333333,4.158333333333333,120,93.40833333333333,3.290976874691812,female,34
111,3.5117302052785924,3.5117302052785924,341,70.14076246334311,3.498894997127556,male,30
112,4.0476190476190474,4.0476190476190474,21,113.57142857142857,3.6373273451808075,female,32
113,4.62962962962963,4.62962962962963,27,49.888888888888886,3.2384693787218675,male,34
114,4.08,4.08,25,148.6,3.4200041142422766,male,37
115,4.109756097560975,4.109756097560975,41,118.58536585365853,3.6670236951353385,female,19
116,3.9,3.9,25,190.44,3.8506914050022583,female,27
117,3.8181818181818183,3.8181818181818183,55,42.85454545454545,3.6811561636740304,male,33
118,4.0,4.0,189,67.97354497354497,3.738245758604789,female,27
119,3.500780031201248,3.500780031201248,641,53.650546021840874,3.5358342308720485,male,37
120,3.4855072463768115,3.4855072463768115,138,101.14492753623189,3.633054674057078,female,38
121,4.0375,4.0375,80,113.6,3.6250203626448796,female,35
122,2.85,2.85,40,127.15,3.6459905910054027,male,39
123,3.757575757575758,3.757575757575758,33,47.45454545454545,3.2311634338325415,female,35
124,3.7588235294117647,3.7588235294117647,85,118.69411764705882,3.813406186724265,male,22
125,4.023809523809524,4.023809523809524,210,97.20952380952382,3.704099273263156,female,38
126,3.609375,3.609375,64,119.65625,3.4532569050232147,female,27
127,4.0476190476190474,4.0476190476190474,21,118.47619047619048,3.271046270148726,female,36
128,3.8606811145510838,3.8606811145510838,323,51.752321981424146,3.270534271503046,female,35
129,3.1923076923076925,3.1923076923076925,26,57.38461538461539,3.1628123039565486,female,32
130,3.2906666666666666,3.2906666666666666,375,81.592,3.6464451878402735,male,25
131,3.727272727272727,3.727272727272727,44,79.0909090909091,3.484017869410881,male,39
132,4.281914893617022,4.281914893617022,94,51.48936170212766,3.8503226898810534,female,28
133,2.3679775280898876,2.3679775280898876,178,53.825842696629216,3.7012370449219207,female,25
134,4.008038585209003,4.008038585209003,311,87.72347266881029,3.685278532346834,male,30
135,2.6363636363636362,2.6363636363636362,22,39.90909090909091,3.046032197092752,female,29
136,3.82,3.82,50,115.52,3.5686699454967648,female,38
137,3.7375,3.7375,80,102.0625,3.654086567065255,male,21
138,3.191358024691358,3.191358024691358,81,103.93827160493827,3.908066041476571,male,39
139,3.610294117647059,3.610294117647059,68,94.47058823529412,3.6047083775877224,female,39
140,3.402173913043478,3.402173913043478,46,77.5,3.5856910769651353,female,28
141,3.225806451612903,3.225806451612903,31,101.19354838709677,3.448312547386425,male,35
142,2.7049180327868854,2.7049180327868854,61,73.50819672131148,3.373732802365995,female,39
143,3.7012987012987013,3.7012987012987013,77,87.55844155844156,3.775717409695878,male,26
144,3.5121951219512195,3.5121951219512195,41,152.34146341463415,3.507395591791816,male,28
145,4.5,4.5,38,164.97368421052633,3.4696785524754326,female,27
146,3.5547945205479454,3.5547945205479454,73,128.63013698630138,3.6151942672702355,male,39
147,4.144736842105263,4.144736842105263,38,79.13157894736842,3.747407600772456,male,37
148,4.007575757575758,4.007575757575758,132,74.41666666666667,3.714465459813436,female,27
149,3.4761904761904763,3.4761904761904763,231,61.324675324675326,3.724380482987726,female,20
150,3.1138014527845037,3.1138014527845037,413,65.39951573849879,3.2973069905982753,female,34
151,3.734375,3.734375,64,136.640625,3.4216739407200243,male,30
152,3.4243119266055047,3.4243119266055047,218,97.25229357798165,3.7593923853871614,female,23
153,4.235294117647059,4.235294117647059,51,90.07843137254902,3.635356729815486,female,35
154,3.9615384615384617,3.9615384615384617,26,71.15384615384616,3.420128333117936,female,30
155,3.6862745098039214,3.6862745098039214,51,127.70588235294117,3.839983268047379,female,34
156,4.2,4.2,45,50.46666666666667,3.597323299600605,male,18
157,3.4003067484662575,3.4003067484662575,326,63.23312883435583,3.565648344245167,female,35
158,3.1666666666666665,3.1666666666666665,21,32.95238095238095,3.3516111707359864,male,24
159,3.5675675675675675,3.5675675675675675,148,101.99324324324324,3.8375955704063696,male,27
160,3.94,3.94,100,76.26,3.633821153144383,female,38
161,3.588888888888889,3.588888888888889,90,115.05555555555556,3.4196699846090004,male,34
162,3.4,3.4,30,69.53333333333333,3.3757463726196297,male,26
163,3.191358024691358,3.191358024691358,81,108.85185185185185,3.567469557864619,female,37
164,3.7134146341463414,3.7134146341463414,82,108.96341463414635,3.7896810597604533,male,33
165,2.847022587268994,2.847022587268994,487,56.6652977412731,3.2362129834915963,female,36
166,3.642857142857143,3.642857142857143,56,88.53571428571429,3.4505749108093484,female,33
167,3.9166666666666665,3.9166666666666665,24,94.41666666666667,3.5352462520226577,female,34
168,3.2586206896551726,3.2586206896551726,116,92.67241379310344,3.4415940645389513,male,30
169,4.110619469026549,4.110619469026549,113,57.230088495575224,3.5982936470835156,male,26
170,2.5576923076923075,2.5576923076923075,26,64.23076923076923,3.600280596563752,female,34
171,4.083333333333333,4.083333333333333,48,85.72916666666667,3.6419460341314345,female,29
172,3.75,3.75,24,170.79166666666666,3.7500631325316824,female,21
173,4.0,4.0,40,81.35,3.4272922947297646,male,30
174,3.0714285714285716,3.0714285714285716,21,62.19047619047619,3.3680274196932136,female,27
175,3.744,3.744,125,80.752,3.600778081762998,female,38
176,2.935546875,2.935546875,256,56.27734375,3.423755981452186,male,18
177,3.96875,3.96875,224,64.96875,3.3550744959591485,female,25
178,3.5153846153846153,3.5153846153846153,130,89.00769230769231,3.869594802868692,male,25
179,3.9078947368421053,3.9078947368421053,38,73.0,3.7240373448429303,male,37
180,3.4583333333333335,3.4583333333333335,24,98.70833333333333,3.6189132253374017,male,29
181,4.351851851851852,4.351851851851852,27,98.51851851851852,3.6443014810323997,male,37
182,3.816793893129771,3.816793893129771,131,72.3969465648855,3.3278249342069186,male,28
183,4.0,4.0,41,130.8780487804878,3.9024494346645673,male,36
184,3.7333333333333334,3.7333333333333334,45,130.64444444444445,3.641915630502174,male,27
185,3.607843137254902,3.607843137254902,204,78.77450980392157,3.617662187925359,female,37
186,3.7976190476190474,3.7976190476190474,42,77.61904761904762,3.687996358815117,male,20
187,3.677469135802469,3.677469135802469,324,57.08024691358025,3.5267938554611855,female,37
188,3.58,3.58,100,104.97,3.413274858756394,male,21
189,2.6818181818181817,2.6818181818181817,176,47.08522727272727,3.1967598445820653,female,27
190,4.0,4.0,60,51.766666666666666,3.581633854777226,female,35
191,3.0344827586206895,3.0344827586206895,29,178.75862068965517,3.597395669000449,male,24
192,3.5090909090909093,3.5090909090909093,55,127.0909090909091,3.332810124813124,male,28
193,4.242424242424242,4.242424242424242,66,97.33333333333333,3.7989823068695348,male,37
194,3.48,3.48,50,137.18,3.3345453758967762,male,26
195,2.948453608247423,2.948453608247423,485,52.909278350515464,3.572426245913628,male,29
196,3.6666666666666665,3.6666666666666665,99,31.767676767676768,3.2567447788704382,male,32
197,4.063492063492063,4.063492063492063,63,85.47619047619048,3.482737945475317,female,36
198,3.7666666666666666,3.7666666666666666,75,68.2,3.9360489587562877,female,30
199,3.6492890995260665,3.6492890995260665,422,48.50947867298578,3.5293943152034855,female,35
200,3.2470355731225298,3.2470355731225298,253,59.466403162055336,3.4131119093322346,female,33
201,4.131147540983607,4.131147540983607,122,106.18852459016394,3.673170803665124,male,26
202,3.6973684210526314,3.6973684210526314,76,48.776315789473685,3.4037558177509633,male,25
203,3.9864864864864864,3.9864864864864864,37,66.08108108108108,3.793635007950762,female,29
204,3.370967741935484,3.370967741935484,31,63.32258064516129,3.7181130204495862,male,33
205,3.4101941747572817,3.4101941747572817,206,52.87378640776699,3.515039994433651,female,34
206,3.41025641025641,3.41025641025641,39,84.28205128205128,3.6639834894652505,female,33
207,1.8043478260869565,1.8043478260869565,46,44.17391304347826,3.1190352591334856,male,18
208,4.010416666666667,4.010416666666667,48,65.375,3.732229989152206,male,39
209,2.85,2.85,20,61.45,3.412018799058803,male,33
210,2.953125,2.953125,32,88.625,3.500040213321699,male,23
211,4.3090909090909095,4.3090909090909095,55,81.03636363636363,3.717570050859389,male,35
212,3.1090182648401825,3.1090182648401825,876,52.77625570776256,3.4583715158309527,male,35
213,2.6604395604395603,2.6604395604395603,910,38.075824175824174,3.1225574549659543,male,33
214,4.018691588785047,4.018691588785047,214,85.19626168224299,3.74276039460433,male,37
215,3.8518518518518516,3.8518518518518516,54,103.03703703703704,3.9540337407511834,male,27
216,4.384146341463414,4.384146341463414,82,105.1951219512195,3.813947771487476,female,28
217,4.211538461538462,4.211538461538462,104,76.1923076923077,3.576778932307636,female,33
218,3.892857142857143,3.892857142857143,42,114.45238095238095,3.8553871799221278,male,28
219,3.7282608695652173,3.7282608695652173,138,97.19565217391305,3.5477955373489998,male,35
220,3.5536332179930796,3.5536332179930796,289,67.34602076124567,3.598060097752113,female,34
221,2.775,2.775,20,79.05,3.318572682420535,male,34
222,4.125,4.125,88,22.772727272727273,3.80982474320866,female,27
223,3.8055555555555554,3.8055555555555554,36,82.55555555555556,3.4827441245983266,female,37
224,4.181818181818182,4.181818181818182,88,73.02272727272727,3.642419066069711,male,31
225,4.107142857142857,4.107142857142857,28,178.53571428571428,3.5357968937197186,male,30
226,3.1527777777777777,3.1527777777777777,36,34.02777777777778,3.3025915488885857,male,29
227,3.6923076923076925,3.6923076923076925,26,23.076923076923077,3.0618779167076107,male,25
228,4.25,4.25,60,107.58333333333333,3.7591713382994696,male,31
229,4.075757575757576,4.075757575757576,33,54.24242424242424,3.827084052306,male,18
230,4.473404255319149,4.473404255319149,94,77.22340425531915,3.8962041161005105,male,33
231,4.0625,4.0625,32,116.21875,4.0150841620431885,male,35
232,3.967741935483871,3.967741935483871,682,46.7008797653959,3.606400810564305,male,25
233,3.1944444444444446,3.1944444444444446,36,62.25,3.417582365678343,female,19
234,3.8,3.8,115,86.90434782608696,3.7288411543389333,female,27
235,4.22258064516129,4.22258064516129,155,87.49677419354839,3.5915473733025856,male,18
236,4.015625,4.015625,224,52.232142857142854,3.978467808703325,male,34
237,3.272727272727273,3.272727272727273,44,153.86363636363637,3.7284514541366787,female,38
238,3.5714285714285716,3.5714285714285716,91,57.02197802197802,3.636565291156189,male,36
239,3.7079037800687287,3.7079037800687287,291,44.16151202749141,3.2327693292979496,male,19
240,3.9326086956521737,3.9326086956521737,230,80.61304347826086,3.765039125207265,male,36
241,3.1607142857142856,3.1607142857142856,56,125.32142857142857,3.516067934680912,female,38
242,4.466165413533835,4.466165413533835,399,61.744360902255636,3.7042705008196255,male,33
243,3.3941368078175898,3.3941368078175898,307,77.05211726384364,3.4370172806287127,female,29
244,3.6621621621621623,3.6621621621621623,74,99.1891891891892,3.648116474493079,male,30
245,3.952,3.952,125,88.368,3.6961850335040958,female,37
246,3.6153846153846154,3.6153846153846154,26,104.76923076923077,3.4008347398543273,female,29
247,3.5157894736842104,3.5157894736842104,285,65.94385964912281,3.192423857214255,male,27
248,4.292929292929293,4.292929292929293,99,69.36363636363636,3.7229909028509893,female,35
249,3.6,3.6,20,160.1,3.475899590592332,female,35
250,4.264516129032258,4.264516129032258,155,61.18064516129032,3.658908427621406,male,32
251,4.34453781512605,4.34453781512605,119,72.83193277310924,3.6871271422460823,male,38
252,3.6052631578947367,3.6052631578947367,38,90.05263157894737,3.32230140252825,male,26
253,3.6609756097560977,3.6609756097560977,205,95.13658536585366,3.626996705964248,female,37
254,3.482269503546099,3.482269503546099,141,73.45390070921985,3.4788529599426905,male,30
255,3.6448275862068966,3.6448275862068966,145,48.08965517241379,3.509912860743956,female,35
256,3.185185185185185,3.185185185185185,27,81.51851851851852,3.4875374094836165,male,21
257,3.6067961165048543,3.6067961165048543,103,59.15533980582524,3.9134338766843375,male,29
258,4.1875,4.1875,32,38.1875,3.770258862581105,female,36
259,3.5357142857142856,3.5357142857142856,28,108.28571428571429,3.820886232214641,female,30
260,3.768292682926829,3.768292682926829,41,108.58536585365853,3.5296049656226103,male,37
261,3.63,3.63,50,146.88,3.683113314217459,female,31
262,2.6131656804733727,2.6131656804733727,676,36.375739644970416,3.3190209791202228,male,38
263,3.254385964912281,3.254385964912281,114,70.71052631578948,3.560926574071606,female,38
264,4.151515151515151,4.151515151515151,33,80.63636363636364,3.6342739673857882,female,26
265,3.9672131147540983,3.9672131147540983,183,49.830601092896174,3.9372150946890616,female,39
266,3.717948717948718,3.717948717948718,39,149.69230769230768,3.681753612087624,male,26
267,4.085365853658536,4.085365853658536,41,95.2439024390244,3.773634836515221,female,37
268,3.625,3.625,400,84.85,3.6189233543101413,female,37
269,3.4,3.4,25,51.88,3.483979655326818,male,22
270,3.7248908296943233,3.7248908296943233,229,41.87336244541485,3.585599354266912,male,39
271,3.7569444444444446,3.7569444444444446,72,130.91666666666666,3.779606487618221,male,38
272,3.717948717948718,3.717948717948718,39,71.17948717948718,3.611051714852105,male,25
273,4.309782608695652,4.309782608695652,92,88.6413043478261,3.841749361975189,male,27
274,3.5256410256410255,3.5256410256410255,39,90.17948717948718,3.7755550915743483,male,33
275,4.452970297029703,4.452970297029703,202,65.87623762376238,3.8169117530441294,female,39
276,2.880952380952381,2.880952380952381,21,62.476190476190474,3.241289489303324,female,24
277,3.9827586206896552,3.9827586206896552,58,69.96551724137932,3.667249054881154,female,34
278,3.641509433962264,3.641509433962264,53,61.84905660377358,4.016391774134904,female,30
279,3.192982456140351,3.192982456140351,57,143.9298245614035,3.4746010237134444,male,38
280,4.318181818181818,4.318181818181818,22,84.0909090909091,3.6080907647785336,male,34
281,3.975609756097561,3.975609756097561,82,101.1951219512195,3.9187270925756215,female,39
282,3.6181102362204722,3.6181102362204722,127,116.70866141732283,3.7077240320027327,male,21
283,3.7037037037037037,3.7037037037037037,189,72.15873015873017,3.802522936671207,female,29
284,3.326923076923077,3.326923076923077,52,63.42307692307692,3.3746223842675205,male,30
285,3.1635071090047395,3.1635071090047395,422,59.50473933649289,3.2714049251668835,male,38
286,2.9767441860465116,2.9767441860465116,43,52.0,3.109177027254358,male,21
287,4.531496062992126,4.531496062992126,254,47.73622047244095,3.5982097984534778,female,39
288,3.8133333333333335,3.8133333333333335,75,116.61333333333333,3.363943382931419,female,24
289,3.675,3.675,20,26.45,3.376964355887826,male,39
290,4.388059701492537,4.388059701492537,67,76.7910447761194,3.519359544846907,female,27
291,4.2298850574712645,4.2298850574712645,87,82.25287356321839,3.7368725353571723,female,34
292,3.9532374100719423,3.9532374100719423,278,86.89568345323741,3.585705929954664,female,27
293,3.4683544303797467,3.4683544303797467,79,84.24050632911393,3.6433946361635323,male,35
294,3.584477296726505,3.584477296726505,947,37.265047518479406,3.3585882116993364,male,28
295,3.944915254237288,3.944915254237288,236,95.72881355932203,3.589941886911516,female,28
296,3.975,3.975,20,58.85,3.523664312700258,male,29
297,3.608695652173913,3.608695652173913,138,64.6231884057971,3.729420309404211,female,20
298,4.8,4.8,75,62.13333333333333,4.0844144393283415,male,19
299,4.160762942779291,4.160762942779291,367,25.57493188010899,3.7808937548564585,female,38
300,4.056818181818182,4.056818181818182,44,127.5,3.5974982481776503,female,37
301,3.4130434782608696,3.4130434782608696,23,20.08695652173913,3.2913673755954376,male,38
302,3.342857142857143,3.342857142857143,35,115.88571428571429,3.379681141518425,male,34
303,3.6390134529147984,3.6390134529147984,223,95.52466367713005,3.7641014401415585,female,29
304,3.8672566371681416,3.8672566371681416,113,80.15929203539822,3.808121336017936,female,39
305,2.7241379310344827,2.7241379310344827,29,103.06896551724138,3.592014933889104,male,33
306,3.406201550387597,3.406201550387597,645,51.753488372093024,3.4591482996636573,male,35
307,4.263888888888889,4.263888888888889,72,72.70833333333333,3.887103165001537,female,37
308,3.5081967213114753,3.5081967213114753,61,80.1639344262295,3.3352045702950632,female,39
309,4.296875,4.296875,128,87.1171875,3.9267393151416803,male,38
310,2.675,2.675,20,49.85,3.4651845799329495,male,25
311,3.006378802747792,3.006378802747792,1019,39.003925417075564,3.4183640235562467,male,38
312,3.3028169014084505,3.3028169014084505,284,74.54577464788733,3.6196516013770563,female,27
313,3.5264900662251657,3.5264900662251657,302,72.12582781456953,3.4208993670610055,female,20
314,4.3088235294117645,4.3088235294117645,34,111.52941176470588,3.953913336688434,male,25
315,2.4545454545454546,2.4545454545454546,55,42.236363636363635,3.0123596078842367,male,33
316,3.617857142857143,3.617857142857143,140,70.7,3.6103703447426607,male,21
317,3.5,3.5,22,184.6818181818182,3.534874416545044,female,32
318,3.23728813559322,3.23728813559322,59,61.57627118644068,3.3239741531746607,male,32
319,3.4,3.4,20,155.4,3.482310849800167,male,32
320,3.8017241379310347,3.8017241379310347,58,91.20689655172414,3.846711389665824,female,37
321,3.7066666666666666,3.7066666666666666,75,64.33333333333333,3.776399379606086,male,35
322,3.7674418604651163,3.7674418604651163,43,42.0,3.695916338824232,female,29
323,3.8260869565217392,3.8260869565217392,23,100.56521739130434,3.653164272832403,female,37
324,3.5,3.5,151,83.05298013245033,3.614365758380686,male,20
325,2.525,2.525,20,44.95,3.361796670941208,female,26
326,3.4814814814814814,3.4814814814814814,27,88.29629629629629,3.7639658740389015,male,30
327,4.0476190476190474,4.0476190476190474,63,88.53968253968254,3.485223344488659,male,35
328,3.3970588235294117,3.3970588235294117,170,79.16470588235295,3.7114917550384208,male,28
329,3.8636363636363638,3.8636363636363638,22,124.4090909090909,3.5430334401268344,male,38
330,3.463157894736842,3.463157894736842,95,73.4421052631579,3.8187758887171364,male,34
331,3.58,3.58,25,49.32,3.450674808507917,male,27
332,3.125,3.125,32,55.71875,3.4480766408566965,male,28
333,4.2592592592592595,4.2592592592592595,81,73.35802469135803,3.7620213276564374,female,34
334,3.985294117647059,3.985294117647059,34,110.3529411764706,3.9738046369271918,male,30
335,3.4130434782608696,3.4130434782608696,23,37.21739130434783,3.6367928021985265,male,21
336,3.4193548387096775,3.4193548387096775,31,76.96774193548387,3.9597040671928037,male,20
337,2.95,2.95,20,87.5,3.4446154191399594,female,28
338,3.473684210526316,3.473684210526316,57,135.26315789473685,3.5482432566641258,male,22
339,3.8190476190476192,3.8190476190476192,105,71.52380952380952,3.646738470576081,female,32
340,3.8846153846153846,3.8846153846153846,39,101.76923076923077,3.724153107593069,male,32
341,3.6136363636363638,3.6136363636363638,22,35.04545454545455,3.735600188624683,female,18
342,4.176470588235294,4.176470588235294,187,69.28877005347593,3.85505412197144,female,33
343,3.8333333333333335,3.8333333333333335,42,87.42857142857143,3.7016929450515383,female,23
344,3.632768361581921,3.632768361581921,177,91.090395480226,3.5995295049163096,male,32
345,3.7453271028037385,3.7453271028037385,214,94.71495327102804,3.711344763457688,female,32
346,3.4498480243161094,3.4498480243161094,329,55.02431610942249,3.5475711776332086,male,36
347,3.8636363636363638,3.8636363636363638,22,139.63636363636363,3.857110190942629,female,32
348,3.641509433962264,3.641509433962264,53,69.45283018867924,3.8484426166697916,female,18
349,3.5217391304347827,3.5217391304347827,23,86.08695652173913,3.3858299508587693,female,35
350,3.8333333333333335,3.8333333333333335,168,69.3452380952381,3.489902259601532,male,22
351,4.175,4.175,40,63.075,3.7245803836870004,male,29
352,3.8452380952380953,3.8452380952380953,84,78.91666666666667,3.9019546110579575,male,34
353,2.595009596928983,2.595009596928983,521,57.96928982725528,3.2756354961323932,female,34
354,3.9038461538461537,3.9038461538461537,52,127.28846153846153,3.5849109864456112,male,35
355,3.61525974025974,3.61525974025974,308,87.57792207792208,3.5940515017493984,male,28
356,2.857142857142857,2.857142857142857,21,29.285714285714285,3.249434654330005,female,32
357,4.266666666666667,4.266666666666667,30,101.16666666666667,3.520029884492155,male,37
358,3.1831442463533226,3.1831442463533226,617,49.982171799027554,3.4176176155340925,male,38
359,3.6739130434782608,3.6739130434782608,46,66.5,3.7635018950582992,female,39
360,3.763157894736842,3.763157894736842,38,98.71052631578948,3.8562285911842564,male,36
361,3.6,3.6,70,65.75714285714285,3.3566539446635386,male,29
362,3.7983193277310923,3.7983193277310923,119,89.95798319327731,3.750532562285235,female,22
363,3.711442786069652,3.711442786069652,201,65.94527363184079,3.5367209057851157,male,37
364,3.0833333333333335,3.0833333333333335,36,65.66666666666667,3.8224893145579677,male,32
365,4.121428571428571,4.121428571428571,70,65.37142857142857,3.5988155019773584,male,34
366,3.411764705882353,3.411764705882353,34,43.73529411764706,3.3061330144497427,male,27
367,3.347926267281106,3.347926267281106,217,54.61290322580645,3.402033216729379,female,24
368,3.857142857142857,3.857142857142857,21,101.0,3.725529670118343,male,35
369,3.6666666666666665,3.6666666666666665,51,153.84313725490196,3.5285026010504006,female,31
370,3.97,3.97,100,87.37,3.550579210212015,female,31
371,3.8074534161490683,3.8074534161490683,161,59.46583850931677,3.6421199590416635,male,30
372,3.696969696969697,3.696969696969697,33,55.90909090909091,3.778010432922324,male,38
373,3.5525114155251143,3.5525114155251143,219,62.5662100456621,3.6384623508422247,female,25
374,3.393939393939394,3.393939393939394,33,41.45454545454545,3.2133076374220626,male,22
375,3.56,3.56,25,188.28,3.6102964693405055,male,30
376,3.9152542372881354,3.9152542372881354,59,63.69491525423729,3.9368989210250573,female,19
377,3.36,3.36,25,28.16,3.104314991015165,male,30
378,3.238095238095238,3.238095238095238,147,61.83673469387755,3.7798246881520168,female,20
379,3.683098591549296,3.683098591549296,71,124.73239436619718,3.744754190765387,female,37
380,3.3664158043273753,3.3664158043273753,1063,38.53527751646284,3.353671276295498,male,37
381,3.227272727272727,3.227272727272727,110,71.85454545454546,3.3182455439563587,female,22
382,3.090764331210191,3.090764331210191,314,49.37898089171974,3.510689275299635,female,28
383,3.435483870967742,3.435483870967742,62,96.12903225806451,3.617066247104223,female,21
384,3.2329896907216495,3.2329896907216495,485,50.74020618556701,3.2321051657399273,female,33
385,3.494949494949495,3.494949494949495,99,107.05050505050505,3.5092331271888613,male,29
386,2.8677685950413223,2.8677685950413223,121,62.752066115702476,3.345876604405986,male,20
387,4.211469534050179,4.211469534050179,279,41.69534050179212,3.8638693866710305,female,24
388,3.6464646464646466,3.6464646464646466,792,49.148989898989896,3.5385166676397315,female,32
389,3.4705882352941178,3.4705882352941178,51,88.94117647058823,3.242511760172338,female,20
390,3.2483660130718954,3.2483660130718954,153,75.58823529411765,3.3471263081750586,male,33
391,3.725663716814159,3.725663716814159,113,58.35398230088496,3.7465027532678024,female,39
392,3.04,3.04,25,55.28,3.495818441083378,female,20
393,3.1372549019607843,3.1372549019607843,51,56.1764705882353,3.465535795153912,female,27
394,2.7853658536585364,2.7853658536585364,205,78.52195121951219,3.245324430084849,female,28
395,3.217391304347826,3.217391304347826,23,103.3913043478261,3.6702307651998165,male,34
396,3.24822695035461,3.24822695035461,141,76.28368794326241,3.258753262716262,female,32
397,3.5084745762711864,3.5084745762711864,59,23.864406779661017,3.3949129589241207,male,28
398,4.0,4.0,53,75.24528301886792,3.4451488173448754,female,21
399,3.25,3.25,20,153.9,3.7191771400697746,female,31
400,3.586206896551724,3.586206896551724,58,151.27586206896552,3.5315249383206266,male,30
401,4.416666666666667,4.416666666666667,72,78.55555555555556,3.5500682814377895,male,36
402,3.6677115987460813,3.6677115987460813,319,46.10031347962382,3.482529168014647,female,39
403,3.9583333333333335,3.9583333333333335,24,86.33333333333333,3.7808709999815537,male,25
404,3.6578947368421053,3.6578947368421053,38,58.78947368421053,3.4020900126169438,male,39
405,3.6553398058252426,3.6553398058252426,412,42.42718446601942,3.5682513440488832,female,35
406,4.178082191780822,4.178082191780822,73,58.75342465753425,4.059841526409866,male,32
407,4.156346749226006,4.156346749226006,323,51.306501547987615,3.7502077857396436,male,36
408,3.644144144144144,3.644144144144144,222,71.52252252252252,3.643361136039322,female,34
409,4.1568627450980395,4.1568627450980395,51,88.49019607843137,3.7705825351000457,male,36
410,4.035714285714286,4.035714285714286,28,203.75,3.839690436458238,female,37
411,3.7037037037037037,3.7037037037037037,27,104.29629629629629,3.8315233858904807,female,24
412,2.904109589041096,2.904109589041096,219,59.97260273972603,3.1729386485244016,male,25
413,3.8636363636363638,3.8636363636363638,22,90.0909090909091,3.5265111627257753,male,38
414,2.6419753086419755,2.6419753086419755,81,30.59259259259259,3.1471334953950305,female,36
415,4.0,4.0,26,174.73076923076923,3.597425343905606,male,35
416,3.205607476635514,3.205607476635514,107,86.26168224299066,3.2755792754882957,male,37
417,3.787769784172662,3.787769784172662,139,79.94964028776978,3.6997323219346043,female,31
418,3.5833333333333335,3.5833333333333335,168,73.95833333333333,3.32905431151971,female,37
419,3.64,3.64,50,92.06,3.6397445933946266,male,19
420,3.806122448979592,3.806122448979592,98,76.56122448979592,3.824805272995386,male,29
421,2.9574468085106385,2.9574468085106385,47,134.93617021276594,3.49135869099168,female,30
422,3.976470588235294,3.976470588235294,85,93.48235294117647,3.6640272321089356,female,34
423,3.6296829971181555,3.6296829971181555,347,54.80691642651297,3.747477082948995,male,27
424,3.25,3.25,30,69.16666666666667,3.799270370134111,female,31
425,3.390909090909091,3.390909090909091,55,133.9090909090909,3.902381232254744,female,30
426,3.3366141732283463,3.3366141732283463,254,59.75196850393701,3.4132984338364647,female,33
427,3.891156462585034,3.891156462585034,294,26.64625850340136,3.7326872248300242,male,19
428,3.7379518072289155,3.7379518072289155,166,103.60240963855422,3.7054233223250006,male,27
429,2.240740740740741,2.240740740740741,27,80.55555555555556,3.5266539917319855,male,39
430,3.9508196721311477,3.9508196721311477,305,88.36065573770492,3.7168619445633326,male,20
431,4.143656716417911,4.143656716417911,268,76.10820895522389,3.8144297539176093,female,37
432,4.411290322580645,4.411290322580645,62,116.87096774193549,3.810856316565878,female,26
433,3.8333333333333335,3.8333333333333335,198,89.96464646464646,3.7498162374847577,male,20
434,3.6875,3.6875,192,71.44791666666667,3.830107354716423,male,36
435,4.217391304347826,4.217391304347826,23,130.04347826086956,3.880951186689198,male,31
436,4.096774193548387,4.096774193548387,62,50.38709677419355,3.9558017278436672,female,36
437,3.5833333333333335,3.5833333333333335,24,123.83333333333333,3.5635768637173793,male,28
438,4.375,4.375,20,112.05,4.057426985670605,male,23
439,3.0730769230769233,3.0730769230769233,260,58.59230769230769,3.4597568771453457,female,28
440,3.675,3.675,40,157.45,3.5669122687921315,female,27
441,3.85,3.85,120,81.70833333333333,3.887432242872696,male,34
442,4.224444444444444,4.224444444444444,225,97.19111111111111,3.6739769885758453,male,38
443,4.85,4.85,40,95.4,3.9503941810192145,female,39
444,3.3,3.3,20,40.45,3.245672197608124,male,32
445,3.45,3.45,20,94.35,3.3336182100616143,female,23
446,4.62,4.62,25,77.52,3.778835745237074,male,38
447,3.0229885057471266,3.0229885057471266,87,99.86206896551724,3.414669026639392,male,33
448,4.75,4.75,20,195.25,4.0475948092419065,female,39
449,4.291666666666667,4.291666666666667,24,185.75,3.6743583573605085,male,36
450,4.316666666666666,4.316666666666666,120,89.04166666666667,4.128225536747793,male,36
451,3.6538461538461537,3.6538461538461537,52,54.73076923076923,3.7491954057505854,female,19
452,3.189179104477612,3.189179104477612,1340,34.95970149253731,3.4652887962877177,male,24
453,3.5697674418604652,3.5697674418604652,86,66.95348837209302,3.0459767333549292,female,36
454,4.5,4.5,27,164.03703703703704,4.168570141811214,female,34
455,3.6774193548387095,3.6774193548387095,31,145.8709677419355,3.603129659014628,male,21
456,3.8358208955223883,3.8358208955223883,67,107.6268656716418,3.7705102908149133,male,39
457,2.502805049088359,2.502805049088359,713,47.866760168302946,3.3523386352468822,male,35
458,3.6578947368421053,3.6578947368421053,76,146.25,3.69741385961785,female,38
459,3.9545454545454546,3.9545454545454546,22,113.95454545454545,3.5281077591884826,female,30
460,3.714788732394366,3.714788732394366,284,66.20070422535211,3.679266950866067,male,39
461,2.839080459770115,2.839080459770115,696,62.4382183908046,3.434939833522403,male,39
462,3.3627450980392157,3.3627450980392157,51,85.27450980392157,3.4954746112158173,male,33
463,3.358178053830228,3.358178053830228,483,64.4120082815735,3.4907194928397063,female,31
464,4.233333333333333,4.233333333333333,30,108.1,3.3726149715463136,female,27
465,3.923076923076923,3.923076923076923,39,53.94871794871795,3.494709195806281,female,28
466,3.7962962962962963,3.7962962962962963,216,80.50925925925925,3.640007845163481,male,38
467,3.875,3.875,64,57.9375,3.5929067363320706,female,36
468,2.9659178931061194,2.9659178931061194,1291,39.67699457784663,3.5636444875789866,male,28
469,3.5476190476190474,3.5476190476190474,21,40.904761904761905,3.4681257368311074,female,20
470,3.282608695652174,3.282608695652174,69,40.05797101449275,3.6609596006705,female,34
471,3.634259259259259,3.634259259259259,216,64.38425925925925,3.4192779803850724,male,27
472,3.7873493975903614,3.7873493975903614,830,45.72409638554217,3.6962997032806935,male,32
473,4.315789473684211,4.315789473684211,76,71.07894736842105,3.4813059420476997,female,39
474,4.024390243902439,4.024390243902439,41,84.48780487804878,3.9694374694568473,male,27
475,2.761832061068702,2.761832061068702,655,34.39541984732824,3.209165403265504,female,36
476,3.0652173913043477,3.0652173913043477,46,81.45652173913044,3.3897782119026014,female,20
477,2.9523809523809526,2.9523809523809526,21,50.42857142857143,3.0691702965997933,male,39
478,4.3108108108108105,4.3108108108108105,74,88.5,3.842957241199513,male,34
479,4.0606060606060606,4.0606060606060606,99,84.20202020202021,3.6985013837528196,male,31
480,3.998677248677249,3.998677248677249,378,66.24074074074075,3.593536297689218,male,36
481,4.137614678899083,4.137614678899083,436,48.73623853211009,3.8366264828809653,female,36
482,3.830508474576271,3.830508474576271,59,36.32203389830509,3.6917168955796016,male,28
483,3.5798319327731094,3.5798319327731094,119,92.22689075630252,3.758127884970781,male,32
484,3.9,3.9,20,93.8,3.4120691583892424,female,18
485,3.475,3.475,20,40.3,3.4675786430846416,female,29
486,3.6268115942028984,3.6268115942028984,138,71.1376811594203,3.667957811968629,female,29
487,3.7697368421052633,3.7697368421052633,152,78.50657894736842,3.37216361198455,female,25
488,4.111111111111111,4.111111111111111,54,63.666666666666664,3.81924937034727,female,23
489,3.875,3.875,24,89.70833333333333,3.677781650332347,male,27
490,3.5454545454545454,3.5454545454545454,22,98.5,3.4355309888287136,female,28
491,3.507936507936508,3.507936507936508,63,74.87301587301587,3.572081333916005,female,35
492,3.5675675675675675,3.5675675675675675,74,22.37837837837838,3.654532479401374,male,37
493,3.518181818181818,3.518181818181818,110,55.42727272727273,3.51170386882133,female,36
494,4.012820512820513,4.012820512820513,78,100.98717948717949,3.8964162858442566,male,37
495,4.08,4.08,25,173.76,3.6247198465362818,male,30
496,3.9126984126984126,3.9126984126984126,126,86.2936507936508,3.3391822821057118,female,31
497,3.7904761904761903,3.7904761904761903,105,60.923809523809524,3.791530313700593,male,31
498,3.25,3.25,20,95.15,3.5335499023981045,male,37
499,4.2727272727272725,4.2727272727272725,33,85.96969696969697,4.017691786032157,male,19
500,2.9819277108433737,2.9819277108433737,249,71.24096385542168,3.4908805211693923,male,38
501,3.9334975369458127,3.9334975369458127,203,62.40886699507389,3.653893459843753,male,26
502,3.9557522123893807,3.9557522123893807,113,89.20353982300885,3.7053529111719072,female,21
503,3.8068181818181817,3.8068181818181817,44,133.77272727272728,3.955366902726428,female,36
504,2.875,2.875,24,38.833333333333336,3.0887608207409336,male,39
505,3.2721518987341773,3.2721518987341773,395,56.86582278481013,3.7807907516523622,male,31
506,3.2857142857142856,3.2857142857142856,21,137.76190476190476,3.4402479536183974,male,32
507,3.289473684210526,3.289473684210526,38,93.34210526315789,3.494802123048955,female,29
508,3.875,3.875,48,140.0625,3.6236024855104945,male,31
509,3.366738894907909,3.366738894907909,923,48.05092091007584,3.586938239010728,female,26
510,3.248447204968944,3.248447204968944,161,63.900621118012424,3.7758936413412227,male,29
511,4.290322580645161,4.290322580645161,31,105.16129032258064,3.750755530151876,male,39
512,4.2407407407407405,4.2407407407407405,27,98.0,3.7820870060854395,female,23
513,3.8181818181818183,3.8181818181818183,22,191.6818181818182,3.67620733787701,male,28
514,3.5319148936170213,3.5319148936170213,376,62.638297872340424,3.575303181687688,male,29
515,4.323529411764706,4.323529411764706,34,49.8235294117647,3.600756063153049,female,38
516,3.4630872483221475,3.4630872483221475,149,77.12751677852349,3.329834877365329,male,21
517,4.285714285714286,4.285714285714286,42,140.83333333333334,3.3448794892350304,female,20
518,3.572842998585573,3.572842998585573,707,46.323903818953326,3.2696689002195987,male,27
519,4.403125,4.403125,160,66.33125,3.974281386409669,male,35
520,3.3733766233766236,3.3733766233766236,154,101.55194805194805,3.6448761147281377,male,31
521,4.204081632653061,4.204081632653061,49,114.91836734693878,3.910147027923067,male,21
522,3.166,3.166,250,60.328,3.3943589232083404,female,22
523,4.035714285714286,4.035714285714286,126,119.14285714285714,3.698622887423082,female,36
524,3.796875,3.796875,64,63.859375,3.6611316699069563,male,25
525,3.6594202898550723,3.6594202898550723,138,82.02898550724638,3.4342028795960187,male,23
526,4.111111111111111,4.111111111111111,27,74.96296296296296,3.7740790085243336,female,27
527,3.174074074074074,3.174074074074074,135,112.87407407407407,3.7583384883879165,female,34
528,3.3976377952755907,3.3976377952755907,127,76.5748031496063,3.657531132407621,male,21
529,3.5298013245033113,3.5298013245033113,604,36.913907284768214,3.7580684731579543,female,37
530,3.8076923076923075,3.8076923076923075,78,85.03846153846153,3.4282094099072995,female,33
531,2.977272727272727,2.977272727272727,132,82.9090909090909,3.535913939306525,male,34
532,3.676470588235294,3.676470588235294,51,109.7843137254902,3.5633221018642764,male,27
533,3.3496932515337425,3.3496932515337425,163,70.47852760736197,3.523063763349285,female,24
534,3.6402640264026402,3.6402640264026402,303,59.82508250825082,3.3162281398985165,female,28
535,3.015873015873016,3.015873015873016,63,133.76190476190476,3.4282997846966725,male,18
536,3.871559633027523,3.871559633027523,109,66.89908256880734,3.3493118354716653,female,38
537,3.996742671009772,3.996742671009772,307,63.09120521172638,3.792646629114441,female,37
538,3.6,3.6,25,150.0,3.6273190779865674,female,25
539,4.0,4.0,26,95.61538461538461,3.969433624154452,female,22
540,3.7,3.7,20,54.2,3.3058163712932185,female,35
541,3.2758620689655173,3.2758620689655173,29,88.62068965517241,3.523236367343793,female,34
542,3.857142857142857,3.857142857142857,63,67.98412698412699,3.689179876186137,male,30
543,4.3478260869565215,4.3478260869565215,46,71.28260869565217,3.305413682458675,male,27
544,4.472014925373134,4.472014925373134,268,61.49626865671642,3.8476426672094854,female,21
545,3.902173913043478,3.902173913043478,92,65.29347826086956,3.7573135233063537,male,25
546,4.415384615384616,4.415384615384616,65,77.6923076923077,3.6151984692003385,male,33
547,3.3667921371810956,3.3667921371810956,2391,22.198243412797993,3.5217718544031493,male,24
548,3.3768115942028984,3.3768115942028984,138,93.18115942028986,3.5309083755558395,female,22
549,3.090909090909091,3.090909090909091,22,69.18181818181819,3.6503188758901017,male,20
550,3.585185185185185,3.585185185185185,135,91.54074074074074,3.5138769251713486,female,34
551,3.4,3.4,85,61.04705882352941,3.326616542121954,female,32
552,2.710526315789474,2.710526315789474,38,118.78947368421052,3.3937535094836337,female,22
553,4.0,4.0,201,66.67661691542288,3.7087700359675733,male,34
554,3.359375,3.359375,64,68.15625,3.5196445172296067,male,19
555,3.1733333333333333,3.1733333333333333,75,104.32,3.6229879143156993,male,22
556,4.4,4.4,25,174.12,3.601894525220723,male,38
557,2.7045454545454546,2.7045454545454546,66,29.227272727272727,3.015694403896292,female,33
558,4.339534883720931,4.339534883720931,215,38.78139534883721,3.7295743949793403,female,32
559,4.4186046511627906,4.4186046511627906,129,99.68217054263566,3.7304886357706764,male,38
560,3.91,3.91,100,96.17,3.370647861543922,male,39
561,3.597972972972973,3.597972972972973,296,82.70945945945945,3.5144496649713886,male,34
562,4.017786561264822,4.017786561264822,253,103.95652173913044,3.63164931625368,female,36
563,3.901898734177215,3.901898734177215,158,55.75949367088607,3.753431795783333,female,37
564,3.5524625267665955,3.5524625267665955,1868,28.68522483940043,3.33542354565264,female,39
565,3.7037037037037037,3.7037037037037037,27,107.77777777777777,3.844187767247979,female,32
566,4.409090909090909,4.409090909090909,22,38.40909090909091,3.498386299910439,female,28
567,4.3088235294117645,4.3088235294117645,34,143.05882352941177,4.116523759738821,female,36
568,4.135135135135135,4.135135135135135,37,169.43243243243242,3.6091187674217546,male,37
569,4.105882352941176,4.105882352941176,85,79.23529411764706,3.8838391942943624,male,23
570,3.66015625,3.66015625,128,84.734375,3.5936496570810057,male,36
571,3.652542372881356,3.652542372881356,59,42.25423728813559,3.2481489829525665,female,39
572,3.6792452830188678,3.6792452830188678,106,60.91509433962264,3.535546611260613,male,37
573,3.526315789473684,3.526315789473684,38,85.15789473684211,3.732879219853137,female,38
574,3.5116959064327484,3.5116959064327484,342,73.40350877192982,3.4668024282947214,male,34
575,3.3948811700182815,3.3948811700182815,547,41.97257769652651,3.5471086006396937,female,39
576,3.789473684210526,3.789473684210526,38,90.5,3.7276200891423,male,37
577,4.345878136200717,4.345878136200717,279,80.94265232974911,3.616702339205059,female,31
578,2.7205882352941178,2.7205882352941178,34,108.55882352941177,3.7937708707615654,male,36
579,1.3333333333333333,1.3333333333333333,21,38.04761904761905,3.104028612581385,female,35
580,3.272776572668113,3.272776572668113,922,51.92407809110629,3.4921723428271667,male,37
581,1.4591836734693877,1.4591836734693877,49,20.244897959183675,2.102000786431502,female,22
582,3.61231884057971,3.61231884057971,138,63.81884057971015,3.5445864357411523,female,38
583,4.15,4.15,20,129.7,4.091615915853393,male,23
584,3.756476683937824,3.756476683937824,193,79.93782383419689,3.586065439523355,male,30
585,4.25,4.25,300,57.623333333333335,3.879868661543171,male,23
586,3.412280701754386,3.412280701754386,57,141.08771929824562,3.829063155518535,female,38
587,4.046626984126984,4.046626984126984,504,40.698412698412696,3.9158706846084246,male,23
588,3.673076923076923,3.673076923076923,52,149.5,3.626074747193582,male,35
589,3.604651162790698,3.604651162790698,43,125.18604651162791,3.356046936104559,male,24
590,3.4831460674157304,3.4831460674157304,89,118.08988764044943,3.4054903855833065,female,36
591,3.2333333333333334,3.2333333333333334,30,74.53333333333333,3.5639482691596682,male,34
592,3.8796992481203008,3.8796992481203008,133,88.32330827067669,3.4938684510538995,female,37
593,3.942857142857143,3.942857142857143,70,108.08571428571429,3.4219735303488625,male,35
594,4.1066666666666665,4.1066666666666665,75,98.54666666666667,3.883171451470383,female,31
595,3.938650306748466,3.938650306748466,163,68.19018404907976,3.7478969355144938,female,24
596,3.6262833675564683,3.6262833675564683,487,67.98151950718686,3.5391825578442626,female,32
597,4.014851485148514,4.014851485148514,202,63.34653465346535,3.7230372079847176,male,27
598,3.4358974358974357,3.4358974358974357,312,68.40064102564102,3.3873702552334612,male,33
599,3.9947916666666665,3.9947916666666665,192,35.848958333333336,3.5294485476724144,male,22
600,3.9285714285714284,3.9285714285714284,35,49.2,3.7882350228145283,male,37
601,3.6739130434782608,3.6739130434782608,46,44.30434782608695,3.5856963612876696,female,33
602,3.635658914728682,3.635658914728682,129,88.31007751937985,3.6588732635692223,male,27
603,3.8684210526315788,3.8684210526315788,114,98.79824561403508,3.486236187679786,female,38
604,2.825,2.825,20,52.0,3.319237893350791,male,27
605,3.0503432494279177,3.0503432494279177,437,43.578947368421055,3.4201351519680188,male,24
606,4.191666666666666,4.191666666666666,60,76.81666666666666,3.884981761773457,female,36
607,3.6533957845433256,3.6533957845433256,427,79.12177985948477,3.519716026386604,female,24
608,3.949324324324324,3.949324324324324,296,56.804054054054056,3.7635617030855935,female,37
609,1.9857142857142858,1.9857142857142858,140,15.664285714285715,2.98916522571523,male,39
610,3.5609756097560976,3.5609756097560976,82,46.01219512195122,3.700979543550514,male,31
611,3.6714285714285713,3.6714285714285713,35,71.45714285714286,3.576099986268603,female,36
612,3.477272727272727,3.477272727272727,66,71.72727272727273,3.571933077330283,female,38
613,3.792452830188679,3.792452830188679,53,99.37735849056604,3.861902609595418,male,27
614,3.676767676767677,3.676767676767677,99,62.43434343434343,3.745351867976533,male,31
615,3.602597402597403,3.602597402597403,385,56.54805194805195,3.5579707361599064,male,23
616,3.675,3.675,40,89.15,3.515499675776025,female,34
617,3.12,3.12,75,86.26666666666667,3.4829139637109368,female,27
618,4.129032258064516,4.129032258064516,31,72.87096774193549,3.8168880017393962,female,27
619,3.511627906976744,3.511627906976744,43,113.16279069767442,3.384425846430081,male,38
620,2.9563953488372094,2.9563953488372094,172,47.354651162790695,3.5078177286295347,male,31
621,3.9263157894736844,3.9263157894736844,95,72.61052631578947,3.6057030519870055,male,39
622,4.725806451612903,4.725806451612903,31,126.0,4.095248800361053,male,30
623,4.067961165048544,4.067961165048544,103,110.30097087378641,3.6689007148801736,female,22
624,2.894236311239193,2.894236311239193,1735,27.86685878962536,3.021269236862548,female,18
625,4.156716417910448,4.156716417910448,67,48.208955223880594,3.783631643979025,male,33
626,3.5,3.5,150,55.626666666666665,3.2235302135821318,female,28
627,3.1469072164948453,3.1469072164948453,194,96.34536082474227,3.573543241387135,female,26
628,3.103448275862069,3.103448275862069,87,52.333333333333336,3.844195390277537,female,37
629,3.4411764705882355,3.4411764705882355,34,142.35294117647058,3.5992141282023375,female,38
630,4.065217391304348,4.065217391304348,23,132.56521739130434,4.078123312497919,female,24
631,3.7096774193548385,3.7096774193548385,31,74.0,3.5460783887785783,male,27
632,4.166666666666667,4.166666666666667,39,114.25641025641026,3.606451328331984,male,26
633,3.125,3.125,32,162.21875,3.6705560864360693,male,25
634,2.8863636363636362,2.8863636363636362,22,65.63636363636364,3.4641551968915127,female,35
635,3.477272727272727,3.477272727272727,22,146.5,4.06120527762882,male,35
636,3.566666666666667,3.566666666666667,30,78.76666666666667,3.5498205732861576,male,31
637,4.14,4.14,25,75.64,3.603548170768816,female,36
638,3.0,3.0,20,31.4,3.2282651364559727,female,29
639,3.381818181818182,3.381818181818182,55,107.25454545454545,3.4351785125242045,female,22
640,3.6530612244897958,3.6530612244897958,49,70.22448979591837,3.469112879723244,female,37
641,3.9,3.9,140,85.15,3.4265126699724666,male,29
642,3.9166666666666665,3.9166666666666665,36,44.111111111111114,3.821041246119297,male,33
643,3.3958333333333335,3.3958333333333335,24,93.83333333333333,3.3758181913343672,male,32
644,3.7435897435897436,3.7435897435897436,39,73.33333333333333,3.4801249298384116,male,33
645,3.683333333333333,3.683333333333333,30,60.5,3.3085303095851986,male,36
646,4.1301775147929,4.1301775147929,169,62.17751479289941,3.330274683356264,male,23
647,4.273333333333333,4.273333333333333,150,67.72666666666667,3.892339424627716,female,28
648,3.62890625,3.62890625,256,53.5625,3.7832068631529534,male,37
649,3.511111111111111,3.511111111111111,90,108.73333333333333,3.515541407489826,male,39
650,3.310344827586207,3.310344827586207,29,59.241379310344826,3.273295303232978,male,30
651,3.9,3.9,20,119.45,3.7137503058855565,female,35
652,4.2209737827715355,4.2209737827715355,267,24.56554307116105,3.7625813406402027,female,28
653,4.0,4.0,51,88.82352941176471,3.4209706055321396,male,33
654,4.068690095846645,4.068690095846645,626,65.8929712460064,3.4678001316919866,female,32
655,4.085714285714285,4.085714285714285,105,86.20952380952382,3.7037385541951844,male,37
656,4.5234375,4.5234375,128,46.0859375,3.554592485186666,male,30
657,3.5,3.5,20,197.5,3.6715419590611402,male,31
658,4.35,4.35,60,105.85,3.785931448229107,female,31
659,3.387323943661972,3.387323943661972,142,82.96478873239437,3.5931624138203206,female,22
660,4.168478260869565,4.168478260869565,92,67.45652173913044,3.754436099432987,male,28
661,3.8333333333333335,3.8333333333333335,33,68.18181818181819,3.758570837332562,female,25
662,3.396551724137931,3.396551724137931,58,127.86206896551724,3.4286009637683,male,34
663,3.730769230769231,3.730769230769231,26,68.6923076923077,3.5241775036658325,male,39
664,3.796724470134875,3.796724470134875,519,54.44894026974952,3.545181402668543,male,20
665,3.2857142857142856,3.2857142857142856,434,56.30414746543779,3.2720593354704346,male,31
666,2.95,2.95,40,145.675,3.457443996086095,female,35
667,3.6470588235294117,3.6470588235294117,68,96.8529411764706,3.7106128308674498,female,29
668,3.75,3.75,20,106.5,3.6888728865303806,male,28
669,3.3513513513513513,3.3513513513513513,37,66.86486486486487,3.3518692546294218,female,33
670,3.806451612903226,3.806451612903226,31,151.0,3.7946255928457893,male,33
671,3.917391304347826,3.917391304347826,115,109.20869565217392,3.8418470513865555,male,26
